<DATE>	<TIME>	<OPEN>	<HIGH>	<LOW>	<CLOSE>	<TICKVOL>	<VOL>	<SPREAD>
2025.01.02	00:00:00	2625.13	2634.25	2623.60	2632.76	10735	0	15
2025.01.02	04:00:00	2632.76	2636.34	2630.86	2633.99	20801	0	9
2025.01.02	08:00:00	2634.00	2639.83	2631.00	2635.97	28524	0	7
2025.01.02	12:00:00	2635.97	2647.16	2632.63	2642.93	41285	0	7
2025.01.02	16:00:00	2642.93	2660.45	2640.24	2656.53	55518	0	7
2025.01.02	20:00:00	2656.55	2660.42	2653.74	2657.23	22848	0	7
2025.01.03	00:00:00	2657.58	2662.34	2656.61	2659.34	10798	0	7
2025.01.03	04:00:00	2659.30	2665.18	2655.78	2658.41	19699	0	7
2025.01.03	08:00:00	2658.41	2660.33	2649.80	2653.53	23428	0	7
2025.01.03	12:00:00	2653.49	2659.19	2643.40	2649.77	25049	0	7
2025.01.03	16:00:00	2649.79	2652.57	2638.99	2641.70	45504	0	7
2025.01.03	20:00:00	2641.72	2642.93	2636.50	2639.15	16959	0	8
2025.01.06	00:00:00	2639.59	2647.30	2638.52	2641.25	15041	0	12
2025.01.06	04:00:00	2641.16	2645.26	2631.39	2633.87	23080	0	7
2025.01.06	08:00:00	2633.87	2635.73	2625.07	2632.69	25394	0	7
2025.01.06	12:00:00	2632.69	2649.39	2621.75	2624.09	47434	0	7
2025.01.06	16:00:00	2624.10	2641.29	2614.51	2636.62	59075	0	7
2025.01.06	20:00:00	2636.64	2638.50	2632.84	2635.67	20830	0	7
2025.01.07	00:00:00	2635.44	2641.14	2632.81	2639.00	13540	0	7
2025.01.07	04:00:00	2638.97	2645.69	2636.87	2644.43	18541	0	7
2025.01.07	08:00:00	2644.34	2646.74	2637.94	2641.31	25921	0	7
2025.01.07	12:00:00	2641.27	2664.20	2641.21	2662.39	35525	0	7
2025.01.07	16:00:00	2662.39	2662.99	2641.96	2652.48	62851	0	7
2025.01.07	20:00:00	2652.48	2652.62	2646.99	2648.19	27875	0	7
2025.01.08	00:00:00	2648.24	2651.45	2647.14	2648.73	12581	0	8
2025.01.08	04:00:00	2648.76	2650.70	2645.14	2650.03	16785	0	8
2025.01.08	08:00:00	2650.05	2655.02	2648.82	2653.46	22168	0	7
2025.01.08	12:00:00	2653.51	2660.24	2645.80	2660.16	36273	0	7
2025.01.08	16:00:00	2660.18	2670.00	2649.39	2655.48	54370	0	7
2025.01.08	20:00:00	2655.48	2664.01	2651.46	2661.40	29193	0	7
2025.01.09	00:00:00	2662.32	2663.06	2657.22	2658.47	11251	0	7
2025.01.09	04:00:00	2658.47	2662.07	2655.48	2658.31	15693	0	7
2025.01.09	08:00:00	2658.30	2666.85	2658.29	2664.86	30716	0	7
2025.01.09	12:00:00	2664.90	2678.22	2664.34	2672.57	38707	0	7
2025.01.09	16:00:00	2672.57	2675.65	2662.59	2665.84	40882	0	7
2025.01.09	20:00:00	2665.84	2672.60	2664.98	2670.51	16706	0	7
2025.01.10	00:00:00	2670.30	2671.89	2668.40	2670.93	10291	0	7
2025.01.10	04:00:00	2670.93	2675.84	2670.40	2674.85	16857	0	7
2025.01.10	08:00:00	2674.85	2682.45	2673.36	2678.40	30588	0	7
2025.01.10	12:00:00	2678.48	2683.84	2663.73	2682.53	45314	0	7
2025.01.10	16:00:00	2682.48	2697.97	2680.72	2695.95	87438	0	7
2025.01.10	20:00:00	2695.95	2697.17	2684.53	2689.26	35748	0	7
2025.01.13	00:00:00	2689.14	2693.24	2679.29	2685.58	21487	0	7
2025.01.13	04:00:00	2685.59	2690.79	2683.16	2686.79	27434	0	7
2025.01.13	08:00:00	2686.86	2691.28	2683.43	2684.82	26075	0	7
2025.01.13	12:00:00	2684.82	2684.89	2663.95	2669.15	40011	0	7
2025.01.13	16:00:00	2669.15	2674.14	2659.26	2660.80	45289	0	7
2025.01.13	20:00:00	2660.81	2663.82	2656.80	2663.47	23404	0	7
2025.01.14	00:00:00	2663.82	2672.04	2663.82	2670.65	16054	0	7
2025.01.14	04:00:00	2670.65	2675.19	2667.31	2668.47	23173	0	7
2025.01.14	08:00:00	2668.52	2674.44	2664.79	2667.18	29071	0	7
2025.01.14	12:00:00	2667.20	2674.30	2660.77	2662.89	39594	0	7
2025.01.14	16:00:00	2662.91	2673.96	2659.91	2668.97	55862	0	7
2025.01.14	20:00:00	2668.96	2678.10	2666.73	2677.80	21845	0	7
2025.01.15	00:00:00	2676.56	2677.18	2669.82	2669.92	8634	0	7
2025.01.15	04:00:00	2669.91	2679.22	2669.32	2679.22	16446	0	7
2025.01.15	08:00:00	2679.21	2688.56	2679.04	2685.75	25954	0	7
2025.01.15	12:00:00	2685.78	2694.08	2682.10	2693.75	46174	0	7
2025.01.15	16:00:00	2693.75	2695.94	2676.67	2692.62	58091	0	7
2025.01.15	20:00:00	2692.73	2697.36	2691.00	2696.35	22913	0	7
2025.01.16	00:00:00	2694.99	2702.15	2692.87	2696.05	18831	0	7
2025.01.16	04:00:00	2696.04	2698.59	2693.70	2694.64	22315	0	7
2025.01.16	08:00:00	2694.67	2706.04	2689.93	2705.49	28349	0	7
2025.01.16	12:00:00	2705.48	2718.26	2700.13	2715.25	35350	0	7
2025.01.16	16:00:00	2715.27	2724.83	2712.50	2721.67	56142	0	7
2025.01.16	20:00:00	2721.67	2723.19	2712.32	2714.37	22816	0	7
2025.01.17	00:00:00	2714.00	2715.96	2709.78	2714.56	13357	0	7
2025.01.17	04:00:00	2714.61	2717.36	2711.11	2711.50	20458	0	7
2025.01.17	08:00:00	2711.50	2714.51	2703.98	2704.94	28147	0	7
2025.01.17	12:00:00	2704.94	2712.09	2702.93	2705.09	42012	0	7
2025.01.17	16:00:00	2705.09	2717.30	2702.76	2712.56	48829	0	7
2025.01.17	20:00:00	2712.56	2713.30	2699.09	2702.57	22062	0	7
2025.01.20	00:00:00	2701.02	2702.94	2689.31	2693.75	20128	0	7
2025.01.20	04:00:00	2693.82	2707.47	2693.65	2707.33	27326	0	7
2025.01.20	08:00:00	2707.26	2713.69	2702.85	2705.95	26574	0	7
2025.01.20	12:00:00	2705.91	2712.40	2701.86	2704.96	41527	0	7
2025.01.20	16:00:00	2704.95	2711.95	2703.33	2707.22	39753	0	7
2025.01.20	20:00:00	2707.28	2711.00	2705.31	2705.71	5250	0	7
2025.01.21	00:00:00	2707.34	2719.22	2702.80	2717.92	25366	0	7
2025.01.21	04:00:00	2717.89	2729.03	2717.72	2726.02	36077	0	7
2025.01.21	08:00:00	2726.02	2732.82	2717.78	2721.24	42027	0	7
2025.01.21	12:00:00	2721.28	2730.01	2716.43	2726.22	42087	0	7
2025.01.21	16:00:00	2726.24	2745.91	2725.28	2740.19	46469	0	7
2025.01.21	20:00:00	2740.18	2745.86	2739.87	2745.08	18916	0	7
2025.01.22	00:00:00	2743.34	2749.87	2741.75	2748.02	17617	0	7
2025.01.22	04:00:00	2747.93	2758.63	2746.30	2758.19	26959	0	7
2025.01.22	08:00:00	2758.19	2762.16	2745.51	2758.38	38722	0	7
2025.01.22	12:00:00	2758.39	2763.35	2750.97	2757.73	32419	0	7
2025.01.22	16:00:00	2757.73	2760.25	2750.34	2756.37	44764	0	7
2025.01.22	20:00:00	2756.37	2759.33	2754.56	2756.23	17276	0	7
2025.01.23	00:00:00	2754.87	2756.36	2750.55	2752.61	13403	0	7
2025.01.23	04:00:00	2752.61	2754.85	2749.48	2752.02	21030	0	7
2025.01.23	08:00:00	2751.97	2755.44	2740.85	2745.79	29866	0	7
2025.01.23	12:00:00	2745.79	2754.40	2735.82	2741.53	46531	0	7
2025.01.23	16:00:00	2741.56	2758.78	2740.21	2757.57	49233	0	7
2025.01.23	20:00:00	2757.56	2758.11	2751.31	2754.30	22237	0	7
2025.01.24	00:00:00	2753.72	2762.45	2753.52	2762.21	13656	0	7
2025.01.24	04:00:00	2762.22	2777.23	2762.21	2775.20	44601	0	7
2025.01.24	08:00:00	2775.20	2778.19	2769.87	2772.69	36359	0	7
2025.01.24	12:00:00	2772.69	2784.56	2771.52	2782.31	30605	0	7
2025.01.24	16:00:00	2782.35	2785.87	2769.96	2773.24	51032	0	7
2025.01.24	20:00:00	2773.24	2775.20	2770.39	2771.56	17487	0	7
2025.01.27	00:00:00	2765.37	2772.48	2762.73	2762.87	16756	0	7
2025.01.27	04:00:00	2762.87	2763.69	2752.74	2753.06	30402	0	7
2025.01.27	08:00:00	2753.07	2764.75	2747.26	2763.19	22999	0	7
2025.01.27	12:00:00	2763.19	2771.78	2752.14	2757.50	31346	0	7
2025.01.27	16:00:00	2757.56	2757.82	2730.46	2733.62	36028	0	7
2025.01.27	20:00:00	2733.61	2743.91	2733.00	2740.91	21380	0	7
2025.01.28	00:00:00	2740.75	2745.33	2739.37	2741.34	11782	0	7
2025.01.28	04:00:00	2741.34	2744.86	2737.81	2741.72	22916	0	7
2025.01.28	08:00:00	2741.71	2744.86	2734.78	2743.26	20462	0	7
2025.01.28	12:00:00	2743.26	2749.37	2740.84	2748.65	22773	0	7
2025.01.28	16:00:00	2748.62	2759.96	2748.62	2759.64	32154	0	7
2025.01.28	20:00:00	2759.64	2764.93	2759.28	2763.49	16985	0	7
2025.01.29	00:00:00	2762.83	2766.12	2762.09	2763.58	9448	0	7
2025.01.29	04:00:00	2763.61	2765.53	2760.00	2760.54	20799	0	7
2025.01.29	08:00:00	2760.56	2766.02	2757.25	2762.67	28161	0	7
2025.01.29	12:00:00	2762.66	2763.29	2752.09	2758.59	32514	0	7
2025.01.29	16:00:00	2758.65	2760.99	2748.21	2752.75	42061	0	7
2025.01.29	20:00:00	2752.78	2759.32	2744.61	2759.02	39231	0	7
2025.01.30	00:00:00	2757.93	2762.51	2757.93	2760.14	8421	0	7
2025.01.30	04:00:00	2760.14	2763.34	2758.75	2760.54	13608	0	7
2025.01.30	08:00:00	2760.54	2776.51	2760.13	2774.10	25861	0	7
2025.01.30	12:00:00	2774.07	2785.92	2773.76	2785.65	31485	0	7
2025.01.30	16:00:00	2785.70	2798.31	2779.96	2795.56	63882	0	7
2025.01.30	20:00:00	2795.60	2798.29	2787.41	2794.10	31169	0	7
2025.01.31	00:00:00	2792.86	2799.41	2791.20	2796.31	12375	0	7
2025.01.31	04:00:00	2796.31	2798.28	2793.80	2795.54	21055	0	7
2025.01.31	08:00:00	2795.53	2800.86	2791.53	2793.57	26761	0	7
2025.01.31	12:00:00	2793.57	2808.45	2790.86	2806.18	33118	0	7
2025.01.31	16:00:00	2806.30	2817.13	2803.01	2808.69	49076	0	7
2025.01.31	20:00:00	2808.66	2808.86	2794.13	2800.36	41840	0	7
2025.02.03	00:00:00	2801.33	2803.58	2778.19	2782.12	28510	0	7
2025.02.03	04:00:00	2782.11	2785.04	2772.04	2782.98	34686	0	7
2025.02.03	08:00:00	2782.96	2800.75	2782.80	2796.24	40292	0	7
2025.02.03	12:00:00	2796.22	2811.84	2792.78	2810.93	36352	0	7
2025.02.03	16:00:00	2810.98	2830.49	2810.05	2817.01	54922	0	7
2025.02.03	20:00:00	2817.01	2822.87	2812.22	2813.34	28272	0	7
2025.02.04	00:00:00	2812.27	2824.14	2811.97	2823.27	10253	0	7
2025.02.04	04:00:00	2823.28	2824.44	2813.29	2815.74	34332	0	7
2025.02.04	08:00:00	2815.70	2821.80	2807.08	2820.48	39988	0	7
2025.02.04	12:00:00	2820.48	2837.04	2812.59	2831.49	40324	0	7
2025.02.04	16:00:00	2831.48	2845.22	2828.78	2843.86	49178	0	7
2025.02.04	20:00:00	2843.89	2844.95	2840.85	2841.82	19609	0	7
2025.02.05	00:00:00	2840.77	2849.11	2839.55	2844.32	18026	0	7
2025.02.05	04:00:00	2844.32	2860.37	2843.74	2859.22	20429	0	7
2025.02.05	08:00:00	2859.22	2872.04	2854.90	2870.24	25686	0	7
2025.02.05	12:00:00	2870.26	2876.90	2858.42	2861.69	37791	0	7
2025.02.05	16:00:00	2861.62	2882.21	2860.57	2872.90	49132	0	7
2025.02.05	20:00:00	2872.90	2873.43	2859.82	2866.05	27739	0	7
2025.02.06	00:00:00	2866.84	2871.65	2863.62	2871.47	12366	0	7
2025.02.06	04:00:00	2871.47	2873.17	2864.26	2867.96	19686	0	7
2025.02.06	08:00:00	2867.97	2871.18	2848.71	2859.17	31450	0	7
2025.02.06	12:00:00	2859.17	2870.26	2855.40	2856.65	37524	0	7
2025.02.06	16:00:00	2856.58	2859.65	2834.12	2852.18	47368	0	7
2025.02.06	20:00:00	2852.17	2857.16	2849.78	2856.55	20615	0	7
2025.02.07	00:00:00	2855.57	2868.14	2855.57	2866.12	11741	0	7
2025.02.07	04:00:00	2866.12	2870.24	2861.95	2862.34	17733	0	7
2025.02.07	08:00:00	2862.31	2870.58	2858.80	2868.73	26456	0	7
2025.02.07	12:00:00	2868.86	2870.18	2852.35	2862.56	37196	0	7
2025.02.07	16:00:00	2862.65	2886.64	2853.27	2859.88	56751	0	7
2025.02.07	20:00:00	2859.84	2864.95	2858.97	2861.30	20145	0	7
2025.02.10	00:00:00	2860.43	2876.53	2859.75	2871.62	15487	0	7
2025.02.10	04:00:00	2871.61	2879.78	2871.03	2879.14	20040	0	7
2025.02.10	08:00:00	2879.20	2903.09	2878.76	2902.74	29988	0	7
2025.02.10	12:00:00	2902.80	2911.05	2898.17	2901.00	36819	0	7
2025.02.10	16:00:00	2900.91	2911.49	2896.20	2903.19	36541	0	7
2025.02.10	20:00:00	2903.17	2908.25	2900.72	2907.52	17526	0	7
2025.02.11	00:00:00	2910.64	2935.93	2909.47	2933.85	18858	0	7
2025.02.11	04:00:00	2933.88	2942.62	2905.51	2922.62	36462	0	7
2025.02.11	08:00:00	2922.56	2929.32	2902.79	2903.05	35061	0	7
2025.02.11	12:00:00	2903.05	2906.93	2881.49	2896.45	46046	0	7
2025.02.11	16:00:00	2896.48	2908.55	2890.36	2905.51	50795	0	7
2025.02.11	20:00:00	2905.52	2907.20	2893.95	2899.03	23999	0	7
2025.02.12	00:00:00	2897.68	2900.57	2883.45	2893.22	18605	0	7
2025.02.12	04:00:00	2893.22	2897.77	2883.76	2886.25	28462	0	7
2025.02.12	08:00:00	2886.25	2895.67	2885.60	2886.63	32970	0	7
2025.02.12	12:00:00	2886.64	2889.82	2863.42	2884.66	41681	0	7
2025.02.12	16:00:00	2884.69	2909.14	2881.75	2902.79	50093	0	7
2025.02.12	20:00:00	2902.79	2904.33	2893.49	2903.99	27205	0	7
2025.02.13	00:00:00	2904.81	2908.83	2900.34	2905.85	12905	0	7
2025.02.13	04:00:00	2905.85	2922.61	2905.11	2917.89	22382	0	7
2025.02.13	08:00:00	2917.88	2920.31	2909.40	2915.16	32132	0	7
2025.02.13	12:00:00	2915.16	2921.23	2905.87	2908.42	31312	0	7
2025.02.13	16:00:00	2908.45	2920.91	2906.50	2918.96	45628	0	7
2025.02.13	20:00:00	2918.99	2929.50	2914.16	2928.92	29909	0	7
2025.02.14	00:00:00	2927.85	2933.82	2927.32	2929.80	19037	0	7
2025.02.14	04:00:00	2929.82	2932.36	2923.27	2930.88	29251	0	7
2025.02.14	08:00:00	2930.88	2938.76	2929.94	2935.13	40477	0	7
2025.02.14	12:00:00	2935.13	2940.00	2917.61	2920.54	48921	0	7
2025.02.14	16:00:00	2920.60	2928.46	2885.43	2886.97	82066	0	7
2025.02.14	20:00:00	2886.95	2887.91	2876.98	2882.93	36245	0	7
2025.02.17	00:00:00	2893.16	2896.51	2878.36	2895.44	23191	0	8
2025.02.17	04:00:00	2895.43	2905.20	2893.86	2896.21	28116	0	8
2025.02.17	08:00:00	2896.12	2906.44	2888.20	2902.56	37935	0	8
2025.02.17	12:00:00	2902.55	2903.87	2895.51	2896.74	36111	0	8
2025.02.17	16:00:00	2896.73	2904.07	2896.40	2898.48	34946	0	8
2025.02.17	20:00:00	2898.48	2899.25	2896.80	2898.87	4650	0	8
2025.02.18	00:00:00	2898.64	2900.27	2892.00	2895.75	10969	0	8
2025.02.18	04:00:00	2895.69	2915.70	2895.31	2910.76	28474	0	8
2025.02.18	08:00:00	2910.76	2915.34	2908.30	2912.62	25722	0	8
2025.02.18	12:00:00	2912.57	2921.31	2907.05	2918.77	32844	0	8
2025.02.18	16:00:00	2918.75	2933.67	2917.89	2931.13	49604	0	8
2025.02.18	20:00:00	2931.13	2936.98	2928.36	2936.07	24702	0	8
2025.02.19	00:00:00	2935.12	2939.52	2927.84	2938.35	11790	0	8
2025.02.19	04:00:00	2938.35	2939.56	2924.16	2932.80	27401	0	8
2025.02.19	08:00:00	2932.80	2946.57	2930.30	2945.40	30553	0	8
2025.02.19	12:00:00	2945.40	2946.97	2931.22	2936.25	38089	0	8
2025.02.19	16:00:00	2936.23	2940.54	2921.49	2923.85	56427	0	8
2025.02.19	20:00:00	2923.84	2937.43	2918.58	2933.12	31488	0	8
2025.02.20	00:00:00	2933.48	2942.43	2933.48	2937.07	15325	0	8
2025.02.20	04:00:00	2937.07	2946.85	2933.83	2946.84	22285	0	8
2025.02.20	08:00:00	2946.84	2955.06	2943.96	2951.45	26077	0	8
2025.02.20	12:00:00	2951.46	2954.76	2933.87	2934.01	42669	0	8
2025.02.20	16:00:00	2933.96	2947.02	2924.10	2940.50	59150	0	8
2025.02.20	20:00:00	2940.53	2942.47	2933.72	2939.49	27493	0	8
2025.02.21	00:00:00	2939.41	2949.77	2926.80	2928.64	18561	0	8
2025.02.21	04:00:00	2928.58	2941.12	2924.13	2930.15	33807	0	8
2025.02.21	08:00:00	2930.14	2933.02	2916.76	2929.27	31619	0	8
2025.02.21	12:00:00	2929.27	2936.12	2926.93	2930.95	30154	0	8
2025.02.21	16:00:00	2930.95	2941.61	2921.71	2939.71	50797	0	8
2025.02.21	20:00:00	2939.71	2942.83	2932.07	2936.07	25929	0	8
2025.02.24	00:00:00	2939.24	2940.35	2921.36	2927.99	20004	0	8
2025.02.24	04:00:00	2927.90	2944.60	2924.94	2936.28	32428	0	8
2025.02.24	08:00:00	2936.26	2948.85	2935.21	2944.26	27735	0	8
2025.02.24	12:00:00	2944.24	2954.58	2934.92	2954.41	32656	0	8
2025.02.24	16:00:00	2954.41	2956.16	2930.81	2943.26	61581	0	8
2025.02.24	20:00:00	2943.30	2952.99	2942.74	2952.04	22567	0	8
2025.02.25	00:00:00	2952.68	2953.35	2945.23	2949.53	17711	0	8
2025.02.25	04:00:00	2949.47	2952.19	2935.12	2937.90	26122	0	8
2025.02.25	08:00:00	2937.85	2942.37	2929.53	2938.90	32878	0	8
2025.02.25	12:00:00	2938.92	2941.54	2923.95	2937.36	42631	0	8
2025.02.25	16:00:00	2937.31	2944.83	2888.24	2907.61	82841	0	8
2025.02.25	20:00:00	2907.59	2917.29	2905.37	2915.43	32121	0	8
2025.02.26	00:00:00	2915.55	2930.07	2913.51	2917.73	19412	0	8
2025.02.26	04:00:00	2917.74	2923.08	2912.62	2915.33	22441	0	8
2025.02.26	08:00:00	2915.31	2919.00	2905.80	2913.15	31213	0	8
2025.02.26	12:00:00	2913.16	2916.79	2905.47	2905.90	29472	0	8
2025.02.26	16:00:00	2905.88	2916.72	2890.83	2913.74	60744	0	8
2025.02.26	20:00:00	2913.71	2918.69	2912.02	2916.47	22816	0	8
2025.02.27	00:00:00	2915.53	2920.74	2911.19	2912.58	13746	0	8
2025.02.27	04:00:00	2912.58	2914.82	2888.58	2890.87	31426	0	8
2025.02.27	08:00:00	2890.92	2898.37	2877.12	2887.32	45426	0	8
2025.02.27	12:00:00	2887.32	2894.97	2881.03	2889.03	43443	0	8
2025.02.27	16:00:00	2888.99	2892.36	2867.80	2883.20	62953	0	8
2025.02.27	20:00:00	2883.17	2887.63	2871.19	2877.05	30112	0	8
2025.02.28	00:00:00	2876.57	2885.02	2873.84	2874.74	16741	0	8
2025.02.28	04:00:00	2874.68	2877.81	2856.87	2864.10	35136	0	8
2025.02.28	08:00:00	2864.13	2866.59	2851.02	2862.42	33412	0	8
2025.02.28	12:00:00	2862.34	2864.93	2848.30	2848.52	36271	0	8
2025.02.28	16:00:00	2848.58	2853.95	2832.61	2845.06	65726	0	8
2025.02.28	20:00:00	2845.06	2859.31	2837.98	2859.18	32041	0	8
2025.03.03	00:00:00	2873.37	2876.92	2864.11	2870.86	22143	0	8
2025.03.03	04:00:00	2870.86	2871.95	2859.27	2863.81	25657	0	8
2025.03.03	08:00:00	2863.81	2871.51	2858.88	2867.51	29114	0	8
2025.03.03	12:00:00	2867.37	2877.67	2867.21	2872.61	28900	0	8
2025.03.03	16:00:00	2872.61	2893.09	2871.30	2890.88	51983	0	8
2025.03.03	20:00:00	2890.87	2895.22	2878.31	2893.23	33625	0	8
2025.03.04	00:00:00	2892.93	2893.72	2881.94	2888.25	15261	0	8
2025.03.04	04:00:00	2888.24	2894.37	2884.73	2889.63	22326	0	8
2025.03.04	08:00:00	2889.61	2921.29	2884.38	2918.09	34372	0	8
2025.03.04	12:00:00	2918.09	2927.80	2912.00	2922.49	38565	0	8
2025.03.04	16:00:00	2922.52	2923.04	2900.33	2911.56	64849	0	8
2025.03.04	20:00:00	2911.55	2920.69	2908.22	2917.11	30584	0	8
2025.03.05	00:00:00	2917.82	2917.84	2903.43	2907.12	17372	0	8
2025.03.05	04:00:00	2907.12	2918.76	2901.99	2918.68	28525	0	8
2025.03.05	08:00:00	2918.62	2922.55	2912.98	2918.87	38804	0	8
2025.03.05	12:00:00	2918.87	2919.20	2894.31	2899.99	46188	0	8
2025.03.05	16:00:00	2899.97	2929.91	2897.65	2915.96	73436	0	8
2025.03.05	20:00:00	2915.96	2923.01	2911.37	2919.42	30116	0	8
2025.03.06	00:00:00	2918.31	2925.64	2915.85	2924.62	12674	0	8
2025.03.06	04:00:00	2924.62	2926.53	2914.48	2919.72	19763	0	8
2025.03.06	08:00:00	2919.72	2923.01	2891.20	2894.26	45499	0	8
2025.03.06	12:00:00	2894.22	2909.45	2891.90	2904.45	49388	0	8
2025.03.06	16:00:00	2904.43	2922.69	2903.36	2915.52	59288	0	8
2025.03.06	20:00:00	2915.52	2920.63	2908.36	2911.62	27183	0	8
2025.03.07	00:00:00	2912.68	2913.54	2896.58	2906.89	23326	0	8
2025.03.07	04:00:00	2906.83	2912.50	2901.25	2909.49	35225	0	8
2025.03.07	08:00:00	2909.46	2923.04	2907.69	2921.51	29176	0	8
2025.03.07	12:00:00	2921.51	2926.35	2910.24	2913.75	46960	0	8
2025.03.07	16:00:00	2913.68	2930.27	2903.89	2908.23	69995	0	8
2025.03.07	20:00:00	2908.20	2912.37	2902.02	2912.22	27549	0	8
2025.03.10	00:00:00	2912.13	2918.23	2909.63	2912.10	25658	0	8
2025.03.10	04:00:00	2912.09	2914.47	2906.86	2909.85	25898	0	8
2025.03.10	08:00:00	2909.84	2915.47	2896.69	2911.23	40702	0	8
2025.03.10	12:00:00	2911.23	2911.33	2895.56	2903.67	52039	0	8
2025.03.10	16:00:00	2903.65	2910.39	2882.75	2886.16	58480	0	8
2025.03.10	20:00:00	2886.17	2890.92	2880.18	2887.92	25265	0	8
2025.03.11	00:00:00	2889.50	2889.79	2882.41	2887.33	11341	0	8
2025.03.11	04:00:00	2887.49	2900.41	2880.12	2897.68	31547	0	8
2025.03.11	08:00:00	2897.66	2910.44	2892.69	2909.98	33127	0	8
2025.03.11	12:00:00	2909.98	2916.06	2908.82	2913.12	32387	0	8
2025.03.11	16:00:00	2913.06	2922.21	2906.87	2917.17	55155	0	8
2025.03.11	20:00:00	2917.17	2921.30	2914.07	2915.42	24689	0	8
2025.03.12	00:00:00	2915.17	2919.62	2912.08	2914.23	8201	0	8
2025.03.12	04:00:00	2914.21	2919.94	2910.73	2914.87	23986	0	8
2025.03.12	08:00:00	2914.94	2922.17	2908.94	2922.14	34628	0	8
2025.03.12	12:00:00	2922.16	2925.33	2912.12	2917.59	37683	0	8
2025.03.12	16:00:00	2917.59	2939.23	2906.10	2936.52	63782	0	8
2025.03.12	20:00:00	2936.36	2940.53	2930.76	2933.43	27016	0	8
2025.03.13	00:00:00	2934.92	2939.30	2933.84	2938.57	7321	0	8
2025.03.13	04:00:00	2938.58	2947.06	2936.49	2944.63	24237	0	8
2025.03.13	08:00:00	2944.64	2945.06	2932.89	2941.52	30873	0	8
2025.03.13	12:00:00	2941.47	2949.15	2941.00	2942.43	37276	0	8
2025.03.13	16:00:00	2942.43	2985.27	2939.00	2980.08	75269	0	8
2025.03.13	20:00:00	2980.06	2988.56	2976.34	2988.15	26286	0	8
2025.03.14	00:00:00	2984.23	2989.87	2983.22	2986.62	8530	0	8
2025.03.14	04:00:00	2986.61	2993.94	2981.68	2985.40	26980	0	8
2025.03.14	08:00:00	2985.40	2993.32	2980.84	2992.90	29588	0	8
2025.03.14	12:00:00	2992.92	3004.84	2986.52	2993.77	44058	0	8
2025.03.14	16:00:00	2993.80	2996.09	2978.40	2989.67	61010	0	8
2025.03.14	20:00:00	2989.67	2990.37	2981.71	2988.08	21347	0	8
2025.03.17	00:00:00	2987.54	2993.99	2986.06	2990.84	9270	0	8
2025.03.17	04:00:00	2990.84	2993.04	2982.38	2982.55	20570	0	8
2025.03.17	08:00:00	2982.55	2990.64	2982.20	2988.34	21570	0	8
2025.03.17	12:00:00	2988.36	3001.16	2984.76	2987.07	31369	0	8
2025.03.17	16:00:00	2987.07	3000.52	2985.99	2994.42	41348	0	8
2025.03.17	20:00:00	2994.51	3001.92	2994.47	3001.01	18029	0	8
2025.03.18	00:00:00	3000.90	3003.45	2999.47	3001.46	5800	0	8
2025.03.18	04:00:00	3001.45	3017.05	2999.35	3014.33	25390	0	8
2025.03.18	08:00:00	3014.32	3027.23	3006.08	3026.44	31233	0	8
2025.03.18	12:00:00	3026.55	3035.74	3018.10	3034.23	37128	0	8
2025.03.18	16:00:00	3034.22	3038.20	3024.64	3035.88	55787	0	8
2025.03.18	20:00:00	3035.88	3037.98	3029.74	3034.60	22148	0	8
2025.03.19	00:00:00	3033.76	3035.03	3030.47	3031.49	6300	0	8
2025.03.19	04:00:00	3031.41	3038.90	3027.35	3036.34	20814	0	8
2025.03.19	08:00:00	3036.46	3045.25	3024.66	3025.13	35773	0	8
2025.03.19	12:00:00	3025.09	3041.04	3022.86	3037.09	26933	0	8
2025.03.19	16:00:00	3037.09	3038.34	3025.86	3033.02	44127	0	8
2025.03.19	20:00:00	3033.02	3051.90	3028.83	3047.09	36365	0	8
2025.03.20	00:00:00	3048.84	3055.42	3047.15	3053.15	9256	0	8
2025.03.20	04:00:00	3053.15	3057.37	3044.96	3052.36	35201	0	8
2025.03.20	08:00:00	3052.41	3053.57	3038.65	3041.91	38859	0	8
2025.03.20	12:00:00	3041.87	3046.25	3025.63	3040.77	51954	0	8
2025.03.20	16:00:00	3040.76	3043.18	3029.92	3038.17	54569	0	8
2025.03.20	20:00:00	3038.17	3046.10	3034.67	3044.66	21826	0	8
2025.03.21	00:00:00	3044.66	3047.39	3042.28	3042.73	6003	0	8
2025.03.21	04:00:00	3042.76	3044.51	3027.95	3029.75	29223	0	8
2025.03.21	08:00:00	3029.81	3034.83	3021.66	3032.83	30709	0	8
2025.03.21	12:00:00	3032.89	3038.08	3027.72	3034.13	30325	0	8
2025.03.21	16:00:00	3034.13	3036.77	2999.51	3015.12	57074	0	8
2025.03.21	20:00:00	3015.11	3024.04	3012.79	3022.82	19904	0	8
2025.03.24	00:00:00	3023.08	3026.20	3016.99	3018.53	9757	0	8
2025.03.24	04:00:00	3018.49	3025.55	3013.68	3019.34	26398	0	8
2025.03.24	08:00:00	3019.34	3028.90	3017.21	3028.68	28942	0	8
2025.03.24	12:00:00	3028.82	3033.22	3022.38	3024.21	35536	0	8
2025.03.24	16:00:00	3024.20	3028.14	3005.75	3009.78	51389	0	8
2025.03.24	20:00:00	3009.77	3014.54	3002.43	3012.74	20518	0	8
2025.03.25	00:00:00	3011.69	3014.82	3008.95	3014.13	5715	0	8
2025.03.25	04:00:00	3014.14	3016.38	3007.41	3015.11	21897	0	8
2025.03.25	08:00:00	3015.13	3021.90	3010.50	3021.30	22459	0	8
2025.03.25	12:00:00	3021.18	3026.37	3014.11	3021.67	24726	0	8
2025.03.25	16:00:00	3021.63	3035.99	3017.88	3023.14	39194	0	8
2025.03.25	20:00:00	3023.12	3023.28	3017.75	3019.78	13350	0	8
2025.03.26	00:00:00	3020.89	3022.32	3017.82	3018.03	4535	0	10
2025.03.26	04:00:00	3018.02	3027.03	3014.23	3015.11	25315	0	8
2025.03.26	08:00:00	3015.18	3032.05	3013.18	3023.99	29086	0	8
2025.03.26	12:00:00	3023.99	3030.36	3016.92	3027.03	28649	0	8
2025.03.26	16:00:00	3027.00	3027.39	3012.27	3015.58	43896	0	8
2025.03.26	20:00:00	3015.57	3021.79	3015.27	3019.39	20083	0	8
2025.03.27	00:00:00	3020.24	3025.70	3017.48	3025.27	8146	0	8
2025.03.27	04:00:00	3025.28	3038.56	3022.86	3034.00	29112	0	8
2025.03.27	08:00:00	3034.06	3037.86	3026.66	3036.05	31569	0	8
2025.03.27	12:00:00	3036.06	3055.81	3034.64	3052.64	14981	0	8
